Date,Benzene,Ethyl Benzene,Ethyl Merca,H2s,Mp Xylene,Methyl Mercaptan,NH3,O_xylene,PM10,PM2.5,SO2,Toluene,avg
8/1/2019,250.94,633.73,4.25,13.3,633.73,0,22.91,633.73,17.18,25.7,42.13,633.73,242.6108333
8/2/2019,142.52,296.1,3.75,0.91,306.24,2.81,24.85,300.26,17.99,20.39,40.13,309.43,122.115
8/3/2019,0.83,0.04,2.74,0.09,14.73,3.79,19.72,5.87,17.74,18.96,44.54,18.82,12.3225
8/4/2019,1.03,0,2.14,0,18.64,1.33,18.58,9.54,18.03,19.11,37.19,39.13,13.72666667
8/5/2019,1.87,0.44,2.93,0,24.57,6.47,18.62,12.26,18.39,18.59,35.85,45.97,15.49666667
8/6/2019,2.96,5.48,1.7,0,23.88,0,18.74,13.83,18.26,18.86,38.74,37.22,14.9725
8/7/2019,0.36,0,2.19,0,13.32,4.03,19.35,4.65,18.95,19.58,42.94,18.05,11.95166667
8/8/2019,0.02,0,0,0,11.41,0,19.65,4.54,20.78,19.97,46.54,13.65,11.38
8/9/2019,0.1,0,0.91,0.05,8.06,2.35,15.98,2.18,21.01,21,43.13,6.93,10.14166667
8/10/2019,0.23,0,1.9,0.14,5.65,1.4,12.44,0.4,20.9,21.15,40.49,5.55,9.1875
8/11/2019,0.64,0,1.56,0.06,6.06,2.02,14.81,0.53,20.98,21.46,41.83,5.84,9.649166667
8/12/2019,0.88,0.04,1.47,0,13.99,3.48,15.68,6.44,20.33,20.57,40.26,28.49,12.63583333
8/13/2019,2.15,2.86,2.21,0,21.79,3.04,17.83,12.28,19.11,19.24,36.97,43.25,15.06083333
8/14/2019,1.27,0,3.45,0,16.54,3.66,18.48,8.43,20.25,19.88,32.32,34.72,13.25
8/15/2019,2.76,3.66,1.23,0,24.8,4.54,19.57,13.91,20.41,23.9,32.85,49.57,16.43333333
8/16/2019,0.28,0,1.67,1.64,9.12,2.27,18.23,3.93,19.36,19.74,38.97,12.37,10.63166667
8/17/2019,0.65,0,1.55,0,6.33,2.86,17.92,1.17,20.32,20.78,39.05,6.12,9.729166667
8/18/2019,0.75,0,2.61,0.05,13.35,2.47,19.58,5.92,19.51,20.1,35.25,28.16,12.3125
8/19/2019,1.16,0.09,1.05,0.02,15.33,2.22,19.75,8.78,18.72,19.21,32.41,29.57,12.35916667
8/20/2019,3.94,5.73,0.73,0,19.66,2.67,20,13.08,20.31,19.16,25.98,32.38,13.63666667
8/21/2019,0.68,0,1.27,0,20.65,1.95,20,11.63,18.04,18.98,38.03,45.7,14.74416667
8/22/2019,1.35,1.52,2.52,0,25.79,1.6,19.94,15.61,18,19,32.32,50.84,15.7075
8/23/2019,0.64,0,0.57,0,15.14,1.2,19.9,8.18,18,19,38.32,30.15,12.59166667
8/24/2019,0.26,0,0.76,0,7.28,0.62,19.99,3.33,18,19,41.43,9.23,9.991666667
8/25/2019,0,0,0.608,0,7.348,1.526,20,3.256,18,19,47,8.68,10.4515
8/26/2019,0,0,0.456,0.02,7.416,2.432,10.17,3.182,18.19,28.8,34.75,8.13,9.462166667
8/27/2019,0,0,0.304,0.01,7.484,3.338,0.44,3.108,30.51,33.43,15.7,7.58,8.492
8/28/2019,0,0,0.152,0.07,7.552,4.244,0,3.034,26.41,28.37,5.65,7.03,6.876
8/29/2019,0.55,0,0,0,7.62,5.15,0.17,2.96,21.66,28.37,7.83,6.48,6.7325
8/30/2019,1.27,0,0.19,0,8.03,0,0.03,5.7,33,54,11.12,22.98,11.36
8/31/2019,0.62,0,0.32,0,6.64,0,0.05,4.76,33,54,14.22,13.44,10.5875
9/1/2019,3.86,6.83,0.86,0,12.8,0,0,11.51,33,54,13.9,22.87,13.3025
9/2/2019,2.13,0,0.45,0,5.54,1.2,0.09,1.45,33,54,11.91,7.83,9.8
9/3/2019,1.53,0.18,2.26,0,6.82,0,0.02,6.6,33,54,12.09,23.01,11.62583333
9/4/2019,2.09,7.41,0.52,0.03,14.3,1.87,0.03,14.93,33,54,11.61,36.61,14.7
9/5/2019,2.14,0,0.72,0,7.08,2.29,0.08,6.39,33,54,10.92,22.61,11.6025
9/6/2019,0.88,0,0,0,5.26,0.65,0.05,2.13,33,54,11.6,6.79,9.53
9/7/2019,2.31,0,0.65,0.02,4.46,0.61,0.04,2.59,33,54,9.83,12.09,9.966666667
9/8/2019,2.03,0,0.89,0.03,5.1,0.7,0.02,5.22,33,54,11.1,20.31,11.03333333
9/9/2019,0.56,0,0.42,0.29,7.11,0,0.02,4.36,33,54,11.42,21.44,11.05166667
9/10/2019,0.49,0,0.33,4.06,4.89,1.45,0.04,1.92,33,54,11.8,6.66,9.886666667
9/11/2019,0.84,0,1.46,0.12,4.85,0,0.05,2.63,33,54,11.22,11.46,9.969166667
9/12/2019,1.25,0,0.42,0,4.81,0,0.05,2.31,33,54,10.22,13.18,9.936666667
9/13/2019,0.82,0,0.95,0.02,6.3,0.39,0,5.77,33,54,10.56,28.31,11.67666667
9/14/2019,0.67,1.05,0.44,0,9.9,1.73,0,12.33,33,54,12.21,52.44,14.81416667
9/15/2019,0.21,0,0,0,6.69,1.97,0,6.3,33,54,11.66,25.21,11.58666667
9/16/2019,0.76,8.36,0.23,0,15.77,0.9,0,14.62,33,54,11.46,37.46,14.71333333
9/17/2019,0.55,0,0.4,0,8.46,0.26,0,9.13,33,54,10.15,45.66,13.4675
9/18/2019,0.43,0,0.64,0,5.55,0.38,0,4.46,33,54,9.07,16.95,10.37333333
9/19/2019,0.36,0,0.54,0.07,4.63,1.52,0.06,1.49,23.14,40.48,3.94,5.39,6.801666667
9/20/2019,0.52,0,0.22,0.08,3.4,3.34,1.15,1.99,14.19,18.18,0.53,5.16,4.063333333
9/21/2019,0,0,0.76,0,5.15,0,1.42,0.94,15.53,19.6,0.72,4.48,4.05
9/22/2019,0.2,2.58,0.59,0,7,2.02,0.76,2.96,24.57,25.58,0.12,6.46,6.07
9/23/2019,0.26,0,0.23,0,7.7,1.21,0.87,2.11,26,27,0,10.17,6.295833333
9/24/2019,0.07,0,1.41,0,11.22,0.88,0.68,4.87,26,27,0,18.7,7.569166667
9/25/2019,0.32,0,0.22,0,7.78,2.68,2.82,2.4,26,27,0,10.49,6.6425
9/26/2019,0.46,0,0.64,0,3.87,0.71,2.24,0.8,26,27,0,4.84,5.546666667
9/27/2019,0.67,0,0.53,0,4.25,0,2.84,0.91,26,27,0,5.92,5.676666667
9/28/2019,0.55,0,0.43,0,3.29,0.5,2.03,0.97,26,27,0,4.01,5.398333333
9/29/2019,0.44,0,0.69,0,3.56,0,1.66,1.02,26,27,0,3.59,5.33
9/30/2019,0.52,0,0.82,0,5.45,1.59,2.26,1.55,26,27,0,6.77,5.996666667
10/1/2019,1.11,11.92,0,0.08,25.17,1.31,3.14,21.17,20.19,36.97,4.36,50.54,14.66333333
10/2/2019,0.2,0,0.44,0,7.68,3.1,1.44,3.9,18.93,35.61,4.08,16.47,7.654166667
10/3/2019,0.12,0,0.84,0,5.88,3.78,4.31,2.67,21.61,40.46,2.28,12.68,7.885833333
10/4/2019,0.18,0,1.54,0,8.77,0.75,2.43,3.87,27.99,41.94,2.07,16.53,8.839166667
10/5/2019,0.13,0,1.05,0,8.8,0.24,2.11,4.01,35.71,50.02,2.23,17.02,10.11
10/6/2019,0.44,0,4.09,0,7.05,0.53,10.21,3.2,39.44,43.12,2.88,16.17,10.59416667
10/7/2019,0.19,0,0.39,0,8.02,0.5,3.94,3.73,49.76,60.41,1.9,20.42,12.43833333
10/8/2019,0.14,0,0.83,0,7.35,1.43,2.56,2.99,52.25,59.71,1.88,14.86,12
10/9/2019,0.21,0,0,0.02,8.71,0.77,9.67,3.79,32.77,41.73,5.26,16.51,9.953333333
10/10/2019,0.33,0,0,0.03,7.36,0,13.99,3.05,44,66,10.84,15.09,13.39083333
10/11/2019,0.34,0,0,0.01,8.18,0,12.55,2.86,44,66,10.26,13.27,13.1225
10/12/2019,1.01,0,0,0,8.36,0.66,12.76,3.53,44,66,10.31,16.94,13.63083333
10/13/2019,0.24,0,0,0.08,9.65,0,11.13,3.72,44,66,10.18,14.23,13.26916667
10/14/2019,0.47,0,0,0.02,9.12,0,12.16,2.86,44,66,9.9,14.31,13.23666667
10/15/2019,0.18,0,0,0.04,10.55,0,11.73,2.09,44,66,10.11,4.42,12.42666667
10/16/2019,0.13,0,0,0,5.58,0,12.37,1.49,44,66,10.7,3.29,11.96333333
10/17/2019,0.08,0,0,0.01,10.58,0.99,12.66,2.83,44,66,11.87,13.95,13.58083333
10/18/2019,0.06,0,0,0,4.29,0,12.54,1.09,44,66,11.73,5.19,12.075
10/19/2019,0.06,0,0,0.01,4.4,0,12.43,1.24,44,66,11.77,4.71,12.05166667
10/20/2019,0.02,0,0,0,2.95,0,12.47,0.83,44,66,11.72,3.97,11.83
10/21/2019,0.08,0,0,0.01,3.25,1.02,12.74,0.62,44,66,11.7,5.99,12.1175
10/22/2019,0.18,0,0,0,5.69,0,12.73,2.06,44,66,11.73,8.82,12.60083333
10/23/2019,0.14,0,0,0,5.97,1.59,12.75,0.63,44,66,11.7,3.9,12.22333333
10/24/2019,0.07,0,0,0.01,7.41,0,12.62,1.22,44,66,11.69,6.13,12.42916667
10/25/2019,0,0,0.23,4.29,4.99,2.36,7.59,1.01,24.81,50.2,17.7,3.11,9.690833333
10/26/2019,0.04,0,0.17,13.29,4.46,1.95,6.8,0.67,15.89,41.33,37.47,2.87,10.41166667
10/27/2019,0.12,0,0.84,13.65,4.19,0.71,7.49,0.73,24.08,39.84,37.91,4.21,11.1475
10/28/2019,0.13,0,0.6,13.58,4.96,0,4.51,1.88,47.57,60.94,39.15,10.47,15.31583333
10/29/2019,0.18,0,0.21,13.48,10.48,2.63,1.52,3.4,452.85,68.47,39.11,11.67,50.33333333
10/30/2019,0.1,0,0,13.54,6.83,1.68,3.22,1.26,269.95,80.71,39.32,4.17,35.065
10/31/2019,0.19,0,0.48,13.76,9.06,1.63,3.2,1.81,25.13,64.64,39.89,4.06,13.65416667
11/1/2019,0.36,0,0.23,13.93,5.28,0.69,5.41,0.84,20.88,61.22,44.91,3.94,13.14083333
11/2/2019,0.42,0,0,13.26,4.49,1.43,10.05,1.16,17.2,36.01,45.78,3.66,11.12166667
11/3/2019,0.31,0,2.09,13.79,7.19,1.41,7.73,2.63,11.07,39.38,44.63,8.88,11.5925
11/4/2019,0.24,0,1.13,14.62,13.54,1.43,7.76,3.8,10,41,43.05,11.28,12.32083333
11/5/2019,0.47,0,0.84,15.08,14.7,0.79,8.17,4.63,10,41,42.92,13.44,12.67
11/6/2019,0.493333333,0,1.64,14.99,13.05,1.96,8.49,4.193333333,10,41,44.35,11.51333333,12.64
11/7/2019,0.516666667,0,0.37,15.66,11.4,0.45,10.26,3.756666667,16.89,51.84,44.4,9.586666667,13.76083333
11/8/2019,0.54,0,0.2,18.92,9.75,0.35,12.41,3.32,26.2,47.08,50.69,7.66,14.76
11/9/2019,1.11,3.64,0.65,13.86,10.28,3.83,9.01,5.54,37.44,71.23,37.98,8.55,16.92666667
11/10/2019,0.32,0.02,0,17.09,6.09,0.46,9.28,2.89,39.53,60.32,38.4,12.13,15.54416667
11/11/2019,0.12,0,0,18.56,9.87,1.14,10.25,3.84,41.04,62,38.17,12.26,16.4375
11/12/2019,0,0,0.84,18.99,8.12,0.36,11,3.41,41.11,62.02,38,11.92,16.31416667
11/13/2019,0,0,0.65,18.98,7.1,2.44,11,1.89,41.16,61.96,38,6.27,15.7875
11/14/2019,0,0,0,18.97,8.47,0.24,11.01,2.01,41.24,62,38.01,7.45,15.78333333
11/15/2019,0,0,0.21,17.24,10.49,0.24,13.13,2.94,52.64,79.29,38.66,7.83,18.55583333
11/16/2019,0,0,0,13.76,14.47,0,11.18,3.99,72.09,96.61,38.5,9.58,21.68166667
11/17/2019,0,0,0,13.17,8.44,2.14,7.48,2.25,65.68,78.1,37.63,8.73,18.635
11/18/2019,0,0,0.22,13.68,7.15,0.38,9.66,2.94,74.07,100.59,38.78,10.29,21.48
11/19/2019,0,0,0.2,14.09,9.98,0,11.39,3.49,87.48,102.69,40.62,10.39,23.36083333
11/20/2019,0,0,0.21,13.57,12.19,0,7.93,3.07,77.7,72.09,37.2,8.12,19.34
11/21/2019,0.25,0,0.47,13,7.31,0,9.6,3.6,86.74,79.54,37,9,20.5425
11/22/2019,0.38,0,0.97,13.13333333,12.26,0.18,9.91,3.49,70.26,80.33,37.00666667,8.13,19.67083333
11/23/2019,1.5,0,0,13.26666667,7.79,0,10.92,2.65,80.28,67.98,37.01333333,10.95,19.3625
11/24/2019,1.08,0.08,0.18,13.4,14.86,0.43,10.18,4.73,86.1,77.19,37.02,10.8,21.3375
11/25/2019,0.4,0,0,13.53333333,7.21,0.09,12.04,3.22,98.22,100.15,37.02666667,13.31,23.76666667
11/26/2019,1.2,0,0.15,13.66666667,6.72,4.55,13.58,3.89,100.29,79.81,37.03333333,14.42,22.9425
11/27/2019,0.54,0.09,0,13.8,5.89,2.51,14.7,2.61,90.1,65.74,37.04,13.62,20.55333333
11/28/2019,0.39,0.03,0.6,13.93333333,6.34,0.23,13.74,3.17,88.61,64.8,37.04666667,11.09,19.99833333
11/29/2019,0.37,0.06,0,14.06666667,6.19,0,12.62,4.15,88.75,70.85,37.05333333,15.59,20.80833333
11/30/2019,0.5,0,0.13,14.2,5.54,0,11.46,3.25,96.11,78.41,37.06,15.68,21.86166667
12/1/2019,0.3,0,0,14.33333333,4.83,0.27,11.98,2.49,89.03,83.98,37.06666667,11.17,21.2875
12/2/2019,0.2,0,0,14.46666667,3.41,0.16,8.21,1.78,88.32,54.12,37.07333333,9.8,18.12833333
12/3/2019,0.35,0,0.23,14.6,3.74,1.86,9.77,0.5,65.94,36.53,37.08,6.74,14.77833333
12/4/2019,0.16,0,0.52,13.82,5.24,0.15,10.47,1.42,71.34,45.27,36.4,6.14,15.91083333
12/5/2019,0.39,0,0,10.84,5.79,0,10.76857143,1.09,74.04,88.08,26.04,4.81,18.48738095
12/6/2019,0.2,0,0.38,7.17,5.1,0.84,11.06714286,1.11,93.36,85.48,15.37,4.57,18.72059524
12/7/2019,0.45,0,0,7.32,7.74,1.87,11.36571429,2.8,83.73,51.88,15.76,12.59,16.29214286
12/8/2019,0.22,0.05,0.21,7.46,5.81,0.56,11.66428571,2.82,84.3,79.79,15.82,12.86,18.46369048
12/9/2019,0.09,0,0,7.31,6.17,0,11.96285714,2.25,84.34,68.58,16.13,8.82,17.1377381
12/10/2019,3.71,3.25,0.55,7.63,10.36,0.85,12.26142857,6.38,94.1,70.81,16.79,18.32,20.41761905
12/11/2019,0.51,0,0.15,7.91,6.8,0.34,12.56,1.71,99.59,85.11,16.17,7.76,19.88416667
12/12/2019,0.42,1.1,0.63,7.49,13.32,1.06,12.85857143,10.97,92.2,79.06,18,47.07,23.68154762
12/13/2019,0.01,0,0,7.4,5.6,0.26,13.15714286,2.19,86.05,57.26,15.6,7.31,16.23642857
12/14/2019,0.05,0,0,7.71,9,0.79,13.45571429,2.74,73.09,48.96,16.38,5.6,14.81464286
12/15/2019,0.07,0,0.31,7.59,6.73,1.27,13.75428571,4.83,81.02,62.13,16.97,5.63,16.69202381
12/16/2019,0.975,0.885,0.56,7.42,7.9825,0.55,14.05285714,5.1325,91.02,75.47,17.15,6.185,18.94857143
12/17/2019,1.88,1.77,0,7.15,9.235,0.97,14.35142857,5.435,93.13,71.81,16.01,6.74,19.04011905
12/18/2019,2.785,2.655,0.71,7.03,10.4875,1.43,14.65,5.7375,85.11,66.14,15.76,7.295,18.31583333
12/19/2019,3.69,3.54,0.72,7.15,11.74,1.14,13.51,6.04,86.2,73.49,16.37,7.85,19.28666667
12/20/2019,0.52,0,0.49,7.36,9.29,4.47,17.59,2.94,109.75,84.6,16.88,5.96,21.65416667
12/21/2019,0.63,0,1.53,7.33,6.46,1.91,16.87,1.4,111.44,80.23,16.26,5.59,20.80416667
12/22/2019,0.62,0,0,7.44,4.14,1.92,14.97,1.19,105.79,81.01,15.95,4.51,19.795
12/23/2019,3.36,1.8175,0,7.17,15.4525,1.75,18,6.7575,111.75,84.79,16.54,12.2575,23.30375
12/24/2019,6.1,3.635,0.74,7.63,26.765,2.65,18.96,12.325,111.99,98.17,16.47,20.005,27.12
12/25/2019,8.84,5.4525,0.84,7.14,38.0775,0.92,12.77,17.8925,101.92,110.07,15.99,27.7525,28.97208333
12/26/2019,11.58,7.27,3.07,7.55375,49.39,0,18.18,23.46,94.43,61.68,17.59375,35.5,27.475625
12/27/2019,5.56,0.05,0.32,7.9675,22.84,0,16.05,7.25,91.08,72.59,19.1975,29.46,22.69708333
12/28/2019,6.77,3.41,0.95,8.38125,26.57,0.28,13.92,12.01,88,71.18,20.80125,24.52,23.06604167
12/29/2019,2.81,0.43,0,8.795,20.2,0,13.56,9.28,88.19,69.95,22.405,19.49,21.25916667
12/30/2019,3.14,0.65,0,9.20875,21.09,0.18,14.58,9.48,91.21,76.86,24.00875,17.82,22.35229167
12/31/2019,10.59,1.56,0,9.6225,81.16,0,13.12,44.67,84.26,67.59,25.6125,20.82,29.91708333
1/1/2020,5.39,0,0,10.03625,32.11,3.11,15.38,13.26,97.36,85.81,27.21625,21.45,25.926875
1/2/2020,5.66,0.9,0.18,10.45,36.43,1.21,13.55,15.71,99.82,94.69,28.82,20.76,27.34833333
1/3/2020,3.65,0.04,0.74,129.55,22.44,0.68,72.54,8.56,92.73,80.43,317.9,15.89,62.09583333
1/4/2020,4.38,0.18,0.56,308.66,24.99,0.24,148.11,9.9,103.37,88.85,760,24.38,122.8016667
1/5/2020,3.35,0,0,279.91,11.92,0.32,1.22,3.9,91.56,77.35,684.35,14.63,97.37583333
1/6/2020,3.09,0,0.18,271.2,11.07,0.23,0.42,3.89,89.94,62.79,650.23,13.17,92.18416667
1/7/2020,3.38,0,0.27,248.15,19.54,2.34,20.43,7.25,94.63,73.17,629.76,22.73,93.47083333
1/8/2020,3.44,0.61,0,223.7,25.11,0,19.74,12.03,72.13,61.92,636.41,21.12,89.68416667
1/9/2020,3.55,14.11,0.4,122.73,17.8,0.61,21.31,7.1,78,58.18,332.82,14.92,55.96083333
1/10/2020,3.89,17.76,0.86,17.44,23.3,0.75,28.58,10.2,86.91,60.51,42.09,18.21,25.875
1/11/2020,4.33,11.91,1.34,17.21,13.27,0.47,27.63,4.72,91.18,68.56,40.85,11.34,24.40083333
1/12/2020,4.69,11.63,2,17.26,16.77,0.26,28.05,6.02,85.37,77.69,42.11,14.73,25.54833333
1/13/2020,7.46,15.69,1.31,16.74,22.39,0.53,23.07,10.76,68.64,67.96,40.34,16.15,24.25333333
1/14/2020,2.28,9.27,3.14,16.95,13.12,0,22.21,5,60.73,44.5,40.06,11.94,19.1
1/15/2020,1.37,8.87,4.53,25.44333333,13.22,1.7,20.12,7.87,61.21,34.17,52.22333333,7.26,19.83222222
1/16/2020,2.4,14.22,3.19,33.93666667,16.73,4,16.52,9.38,53.78,30.47,64.38666667,11.89,21.74194444
1/17/2020,2.77,11.91,1.15,42.43,15.97,0,17.84,6.02,66.16,46.9,76.55,16.16,25.32166667
1/18/2020,6.65,22.61,0.38,45.61,23.68,1.41,22.3,12.84,84.89,61.62,77.81,25.07,32.0725
1/19/2020,2.81,16.48,0,45.07,29.03,3.17,20.08,6.94,82.55,65.89,77.66,22.77,31.0375
1/20/2020,3.67,16.05,0.26,45.71,23.56,0,27.72,4.7,101.98,73.18,77.3,25.63,33.31333333
1/21/2020,4.13,19.67,0,46.18,27.06,3.46,34.72,16.66,105.54,84.13,76.03,31.47,37.42083333
1/22/2020,7.06,32.7,0.22,44.44,37.09,1.46,23.24,32.33,79.89,56.3,76.84,28.73,35.025
1/23/2020,3.76,32.4,0,44.74,28.38,0.24,26.48,5.74,95.13,77.44,76.82,25.95,34.75666667
1/24/2020,3.63,27.68,0.19,43.93,37.48,0,21.29,13.23,90.33,64.04,74.83,30.59,33.935
1/25/2020,3.82,27.84,0,47.06,34.1,0,28.86,17.86,103.61,76.81,75.45,34.6,37.50083333
1/26/2020,3.96,18.99,0,47.79,34.85,1.44,22.38,12.03,101.15,87.81,78.27,38.74,37.28416667
1/27/2020,3.21,15.67,4.58,43.26,29.31,0,15.9,15.4,72.67,52.15,70.87,22.68,28.80833333
1/28/2020,2.42,13.23,0,40.92,20.25,0,21.09,15.18,55.84,26.65,74.59,17.5,23.9725
1/29/2020,2.38,13.54,0,39.58,30.43,0.31,15.19,15.01,67.05,21.7,68.38,20.72,24.52416667
1/30/2020,3.16,13.05,0,40.76,31.63,0,18.14,9.72,83.38,49.67,72.16,24.56,28.8525
1/31/2020,4.5,14.67,0,41.38,26.98,0,25.88,11.59,95.16,75.16,71.2,28.81,32.94416667
2/1/2020,3.56,19.11,0,40.73,33.35,1.42,23.63,15.12,100.73,70.92,71.48,32.22,34.35583333
2/2/2020,5,11.81,2.95,38.19,24.56,0.3,20.1,9.66,92.23,67.53,72.48,23.41,30.685
2/3/2020,3.83,13.98,0,38.91,26.25,0,23.3,13.48,77.84,70.4,69.46,26.34,30.31583333
2/4/2020,3.76,12.91,0,40.04,24.3,0,21.66,9.81,88.75,80.79,69.54,29.02,31.715
2/5/2020,8.55,16.1,0,41.02,29.28,0,16.47,18.23,85.9,45.79,72.59,30.54,30.3725
2/6/2020,6.39,17.48,15.33071429,40.39,35.23,11.65857143,20.09,22.48,112.24,47.76,73.18,32.04,36.18910714
2/7/2020,7.46,28.49,30.66142857,39.43,38.37,23.31714286,22.98,20.98,108.96,47.35,71.74,33.7,39.45321429
2/8/2020,8.59,26.35,45.99214286,40.21,32.1,34.97571429,22.36,16.13,115.76,61.22,72.93,30.43,42.2539881
2/9/2020,6.01,12.86,61.32285714,38.68,16.73,46.63428571,19.62,8.02,108.3,65.71,72.92,16.6,39.45059524
2/10/2020,5.96,15.52,76.65357143,40.95,18.05,58.29285714,23.66,8.81,106.49,55.16,71.75,19.32,41.71803571
2/11/2020,3.26,12.12,91.98428571,40.46,15.41,69.95142857,28.76,6,101.43,51.43,72.7,15.99,42.45797619
2/12/2020,3.92,14.6,107.315,40.36,18.66,81.61,29.21,9.21,101.36,53.35,73.49,19.82,46.07541667
2/13/2020,4.85,18.64,122.6457143,41.76,24.51,93.26857143,27.34,10.53,107.29,53.68,72.01,27.62,50.34535714
2/14/2020,6.23,16.9,137.9764286,43.84,19.09,104.9271429,19.01,17.68,102.12,50.85,74.41,23.1,51.34446429
2/15/2020,4.31,28.27,153.3071429,48.91,41.13,116.5857143,25.97,17.13,121.54,52.91,81.63,39.85,60.96190477
2/16/2020,3.97,29.9,168.6378571,49.35,37.18,128.2442857,27.39,17.04,127.8,62.03,85.02,36.73,64.4410119
2/17/2020,4.59,48.56,183.9685714,46.74,44.04,139.9028571,35.38,19.69,172.63,87.18,79.73,42.06,75.37261904
2/18/2020,3.91,27.31,199.2992857,43.72,33.33,151.5614286,31.41,13.5,152.76,72.71,80.16,29.63,69.94172619
2/19/2020,3.34,21.13,214.63,52.27,31.1,163.22,30.63,14.66,144.53,74.49,88.61,28.58,72.26583333
2/20/2020,4.13,22.14,0.1,44.14,38.49,0.24,19,18.66,117.85,60.66,80.25,29.92,36.29833333
2/21/2020,10,27.74,0,42.35,42.89,0,19.56,24.79,72.15,43.09,75.78,32.5,32.57083333
2/22/2020,4.8,25.25,0,41.67,42.12,0,19.41,22.54,67.54,55.05,76.37,37.35,32.675
2/23/2020,3.82,18.43,0,46.46,38.02,0,17.78,21.09,78.24,70.27,85.05,38.07,34.76916667
2/24/2020,3.44,24.92,0.11,51.25,38.35,0.11,19.53,18.93,72.49,82.52,93.73,34.73,36.67583333
2/25/2020,3.28,12.97,0.29,48.3,20.82,0.22,14.38,10.21,45.09,43.06,87.27,21.24,25.59416667
2/26/2020,3.48,15.21,0.25,49.17,19.18,0.26,15.25,9.78,40.78,39.4,87.75,16.81,24.77666667
2/27/2020,3.73,20.47,0.14,48.16,35.97,0.3,16.57,19.04,45.12,45.53,89.46,30.65,29.595
2/28/2020,3.19,21.14,0.22,49.96,32.72,0.25,16.93,16.12,43.28,43.1,91.39,28.07,28.86416667
2/29/2020,3.19,34.85,0.22,50.81,48.67,0.31,17.09,24.54,50.65,62.1,92.51,39.93,35.40583333
3/1/2020,3.51,19.27,0.19,47.56,34.7,0.34,15.58,17.59,36.28,41.89,91.66,26.11,27.89
3/2/2020,3.37,17.32,0.15,45.86,31.76,0.27,14.27,16.37,36.97,41.28,93.04,22.12,26.89833333
3/3/2020,3.25,13.46,0.16,45.65,28.55,0.24,13.42,14.72,37.82,42.88,91.85,20.43,26.03583333
3/4/2020,3.14,15.07,0.2,45.81,28.98,0.25,12.7,14.68,34.13,27.7,91.74,21.89,24.69083333
3/5/2020,3.71,13.66,0.15,45.29,30.76,0.33,12.87,15.35,29.21,30,92.44,23.59,24.78
3/6/2020,6.16,14,0.2,46.07,30.57,0.36,13.53,16.66,27.19,21.85,110.46,24.76,25.98416667
3/7/2020,2.6,9.27,0.33,46.06,17.98,0.35,14.13,8.97,32.83,27.76,95.48,15.83,22.6325
3/8/2020,2.46,8.8,0.24,47.185,19.13,0.32,13.8,9.63,25.95,25.93,89.34,17.97,21.72958333
3/9/2020,2.64,9.62,0.13,48.31,20.52,0.38,14.53,11.01,21.96,37.39,83.2,20.02,22.47583333
3/10/2020,3.39,8.34,0.18,47.62,20.38,0.44,15.29,11.82,17.47,46.24,83.19,18.83,22.76583333
3/11/2020,7.12,15.06,0.26,48.93,32.94,0.36,12.37,19.25,12.9,14.71,83.84,25.04,22.73166667
3/12/2020,2.93,11.13,0.18,49.29,21.67,0.32,11.29,11.47,12.97,17.51,83.45,18.38,20.04916667
3/13/2020,2.44,12.97,0.17,48.49,20.4,0.29,10.81,10.33,17.38,40.63,83.73,16.08,21.97666667
3/14/2020,6.09,13.29,0.21,48.894,19.05,0.35,11.3,11.02,21.59,34.8,85.238,18.28,22.50933333
3/15/2020,3.33,10.75,0.21,49.298,20.69,0.34,12.83,9.92,23.1,48.43,86.746,22.62,24.022
3/16/2020,3.22,12.15,0.28,49.702,24,0.46,13.21,12.17,23.54,47.92,88.254,34.94,25.8205
3/17/2020,2.7,17.26,0.22,50.106,29.44,0.32,13.92,16.23,20.81,48.98,89.762,37.24,27.249
3/18/2020,3.68,15.9,0.23,50.51,30.59,0.43,14.09,17.07,19.27,47.74,91.27,32.36,26.92833333
3/19/2020,3.07,15.77,0.2,49.57,30.87,0.37,14.64,14.54,13.1,30.04,91.58,21.17,23.74333333
3/20/2020,2.4,10.07,0.17,50.57,26.55,0.44,16.2,12.27,11.07,18.77,89.68,19.81,21.5
3/21/2020,2.86,8.62,0.24,51.38,20.08,0.38,15.76,8.87,13.82,19.78,91,14.76,20.62916667
3/22/2020,8.55,12.98,0.2,51.97,29.76,0.24,14.81,17.11,10.11,22.01,87.92,22.84,23.20833333
3/23/2020,1.69,5.93,0.24,53.13,19.49,0.27,15.68,8.48,11.53,29.36,88.19,13.75,20.645
3/24/2020,2.2,7.5,0.3,54.06,20.45,0.24,16.57,9.09,13.72,36.96,88.6,14.68,22.03083333
3/25/2020,7.41,8.57,0.25,51.03,18.82,0.3,17.16,9.63,14.38,32.87,93.32,14.54,22.35666667
3/26/2020,5.7,4.48,0.26,52.66,13.34,0.33,18.62,5.46,10.45,30.68,96.69,11.54,20.85083333
3/27/2020,2.1,7.08,0.17,54.2,25,0.2,17.86,11.7,12.79,27.81,90.3,15.88,22.09083333
3/28/2020,1.95,6.17,0.16,52.96,22.38,0.21,16.75,10.24,12.15,30.11,90.63,13.09,21.4
3/29/2020,2.12,8.67,0.13,54.12,29.82,0.21,16.25,14.17,11.01,26.74,92.44,18.93,22.88416667
3/30/2020,2.12,7.89,0.22,53.64,27.08,0.19,16.48,12.41,12.7,26.54,93.16,17.07,22.45833333
3/31/2020,1.96,7.19,0.2,54.26,24.3,0.25,16.8,10.7,9.52,28.35,92.07,15.31,21.7425
4/1/2020,1.79,5.34,0.14,52.53,20.5,0.26,17.42,8.6,8.83,22.65,91.38,13.17,20.2175
4/2/2020,1.83,4.62,0.17,53.31,16.48,0.18,18.15,7.21,12.76,29.46,91.13,12.42,20.64333333
4/3/2020,1.28,4.31,0.15,53.2,16.82,0.22,16.88,6.94,11.53,26.88,91.04,11.34,20.04916667
4/4/2020,1.81,5.09,0.23,54.49,17.38,0.23,13.53,7.22,13.46,26.42,91.13,15.05,20.50333333
4/5/2020,2.15,5.87,0.18,54.51,19.66,0.21,12.78,8.57,10.08,29.89,91.74,18.66,21.19166667
4/6/2020,7.43,7.94,0.15,53.84,18.18,0.22,12.05,9.83,10.32,24.04,93.6,15.04,21.05333333
4/7/2020,2.58,4.33,0.18,53.68,14.59,0.29,11.11,6.29,11.16,23.94,92.83,12.45,19.4525
4/8/2020,10.78,4.48,0.17,53.26,16.68,0.27,10.86,6.63,33.92,22.27,93.3,13.26,22.15666667
4/9/2020,5.25,8.5,0.22,54.62,22.17,0.22,12.25,11.17,38.09,25.71,91.64,16.4,23.85333333
4/10/2020,1.23,4.49,0.16,56.22,18.27,0.19,13.12,7.46,40.37,27.13,92.03,12.23,22.74166667
4/11/2020,1.45,4.34,0.14,55.85,16.58,0.22,15.99,6.87,39.46,28.76,92.29,11.46,22.78416667
4/12/2020,2.25,3.08,0.12,54.96,11.83,0.26,19.83,4.24,36.67,34.74,98.17,10.24,23.0325
4/13/2020,2.33,3.93,0.13,54.31,16.12,0.18,17.83,6.3,36.64,29.6,96.04,12.67,23.00666667
4/14/2020,1.93,5.86,0.26,56.86,19.33,0.34,18.67,8.67,35.71,30.39,95.31,14.94,24.0225
4/15/2020,2,4.89,0.2,58.35,13.6,0.21,19.97,5.41,35.48,29.33,102.46,12.35,23.6875
4/16/2020,2.12,0.79,0.18,56.97,7.55,0.21,18.75,2.1,33.72,27.79,106.64,6.92,21.97833333
4/17/2020,6.11,5.65,0.16,55.14,14.16,0.25,17.58,6.44,33.66,22.73,102.6,13.14,23.135
4/18/2020,5.71,7.18,0.16,55.38,18.3,0.32,17.38,9.61,32.85,17.66,101.15,16.18,23.49
4/19/2020,3.41,2.92,0.25,56.35,12.2,0.23,18.83,3.83,32.56,21.3,99.95,10.13,21.83
4/20/2020,1.74,5.55,0.21,57.95,14.43,0.24,17.01,6.1,35.22,27.44,98.19,13.18,23.105
4/21/2020,2.15,4.6,0.19,57.45,13.79,0.23,16.42,5.5,35.46,20.58,102.45,12.19,22.58416667
4/22/2020,1.62,4.01,0.19,57.23,13.07,0.21,18.13,4.94,32.76,13.69,85.81,10.82,20.20666667
4/23/2020,3.39,4.52,0.18,57.27,15.71,0.2,19.95,6.78,29.12,22.74,57.02,14.26,19.26166667
4/24/2020,1.8,7.33,0.21,57.66,21.27,0.26,19.02,11.05,26.5,21.43,57.84,17.42,20.14916667
4/25/2020,9.17,13.32,0.23,57.81,26.6,0.21,17.86,17.03,29.42,20.02,57.71,16.18,22.13
4/26/2020,2.42,5.46,0.2,58.69,15.73,0.29,17.09,7.31,27.39,19.5,58.33,8.13,18.37833333
4/27/2020,1.94,4.49,0.17,59.49,12.78,0.27,16.88,6.04,28.68,18.97,58.83,8.68,18.10166667
4/28/2020,1.24,2.6,0.2,60.36,9.37,0.23,17.48,2.6,29.09,22.4,56.84,5.75,17.34666667
4/29/2020,1.97,2.58,0.23,59.22,9.35,0.3,18.92,2.84,28.31,25.13,59.34,6.43,17.885
4/30/2020,3.92,2.26,0.24,59.69,9.67,0.28,18.14,2.98,27.5,25.92,64.64,7.35,18.54916667
5/1/2020,2.58,3.36,0.21,58.91,11.17,0.29,17.15,4.43,27.39,18.69,58.23,7.9,17.52583333
5/2/2020,1.69,2.33,0.27,59.64,10.61,0.18,16.6,3.24,27.18,17.37,58.57,9.71,17.2825
5/3/2020,1.88,2.97,0.24,60.25,14.16,0.27,16.62,5.16,27.25,17.1,57.94,11.89,17.9775
5/4/2020,1.51,3.94,0.19,60.8,16.43,0.28,15.95,6.64,25.95,10.21,58.89,14.59,17.94833333
5/5/2020,1.94,3.58,0.2,60.8,12.2,0.23,16.71,6.26,26.79,14.7,59.07,13.09,17.96416667
5/6/2020,5.68,5.55,0.17,61.67,7.78,0.24,18.69,7.94,26.88,13.95,61.23,13.8,18.63166667
5/7/2020,2.73,1.19,0.16,63.15,1.13,0.22,16.98,1.29,27.75,16.48,62.83,5.32,16.6025
5/8/2020,2.24,1.64,0.22,61.54,0.64,0.26,17.79,0.93,27.55,16.78,61.29,5.19,16.33916667
5/9/2020,6.03,5.65,0.23,62.23,3.95,0.32,16.11,4.3,27.22,16.99,62.08,8,17.75916667
5/10/2020,0.8,1.94,0.17,62.6,0.05,0.22,15.83,0.3,27.37,15.63,60.1,2.96,15.66416667
5/11/2020,5.19,6.91,0.19,63.26,3.68,0.25,15.81,4.44,26.69,20.1,61,8.04,17.96333333
5/12/2020,0.8,3.02,0.21,64.7,0.05,0.2,15.54,0.67,27.72,18.29,62.37,3.07,16.38666667
5/13/2020,1.48,3.95,0.28,62.95,0.26,0.23,15.7,1.72,29.77,17.92,61.94,4.68,16.74
5/14/2020,4.73,5.12,0.23,63.11,5.78,0.14,16.34,4.83,26.65,19.3,60.75,6.81,17.81583333
5/15/2020,0.93,0,0.22,62.68,2.44,0.24,16.04,1.64,28.34,22.04,60.41,1.51,16.37416667
5/16/2020,0.38,0.02,0.23,62.94,0.02,0.24,16.54,3.04,30.11,27.38,62.06,0.32,16.94
5/17/2020,0,0,0.16,63.14,0,0.21,16.33,0.36,30.16,38.06,61.32,0.57,17.52583333
5/18/2020,0,0,0.35,63.59,0.09,0.27,16.88,0.14,28.9,24.11,61.53,0.02,16.32333333
5/19/2020,10.14,12.13,0.16,63.43,8.13,0.24,16.11,9.38,30.88,19.16,61.5,11.79,20.25416667
5/20/2020,7.33,9.66,0.16,59.38,5.55,0.21,15.7,7.91,30.13,19.33,56.25,12.79,18.7
5/21/2020,2.55,6.24,0.29,45.99,5.9,0.22,15.8,10.53,26.37,16.58,37.65,16.45,15.38083333
5/22/2020,4.83,7.93,0.18,46.23,6.32,0.18,15.9,10.57,25.96,16.24,36.74,15.51,15.54916667
5/23/2020,3,5.05,0.17,46.35,4.19,0.15,16.03,6.23,28.25,18.65,35.93,11.08,14.59
5/24/2020,2.13,6.38,0.16,46.31,5.15,0.24,17.08,9.37,25.11,12.94,36.09,11.49,14.37083333
5/25/2020,5.64,8.28,0.21,46.67,8.55,0.24,17.48,12.34,27.73,19.04,36.31,13.55,16.33666667
5/26/2020,3.66,3.54,0.2,46.63,5.68,0.26,17.1,9.65,26.29,14.61,38.45,11.67,14.81166667
5/27/2020,10.32,6.89,0.24,46.79,8.46,0.21,16.91,10.87,25.3,15.67,38.07,13.44,16.0975
5/28/2020,3.62,4.99,0.19,55.46,14.48,0.23,11.32,9.32,28.15,20.65,43.73,13.16,17.10833333
5/29/2020,3.6,6.97,0.15,49.69,24.59,0.16,10.25,11.32,26.59,9.78,39.23,14.89,16.435
5/30/2020,2.4,6.56,0.16,49.38,19.53,0.23,9.34,8.73,36.13,21.07,38.76,13.52,17.15083333
5/31/2020,3.84,2.9,0.17,50.08,12.86,0.23,8.81,5.08,29.65,42.58,38.88,10.31,17.11583333
6/1/2020,3.62,3.12,0.2,49.8,11.26,0.21,9.32,4.27,30.92,26.75,38.21,10.11,15.64916667
6/2/2020,2.09,3.06,0.15,50.74,10.35,0.25,9.18,3.64,28.11,38.47,37.7,10,16.145
6/3/2020,1.02,0.96,0.2,49.53,7.13,0.16,9.36,1.85,26.34,83.76,37.27,5.42,18.58333333
6/4/2020,6.24,5.91,0.22,49.68,13.85,0.2,10.27,6.98,33.3,92.7,37.75,13.14,22.52
6/5/2020,6.42,5.79,0.17,49.69,14.27,0.2,13.02,6.6,31.53,121.9,38.18,14.87,25.22
6/6/2020,7.26,6.96,0.19,50.04,20.72,0.17,11.26,6.26,41.56,0,38.8,18.57,16.81583333
6/7/2020,8.27,6.1,0.18,50,16.17,0.16,10.63,7.44,41.33,12.53666667,40.26,16.73,17.48388889
6/8/2020,3.52,1.67,0.17,49.84,10.33,0.19,10.19,3.06,28.51,25.07333333,41.54,11.34,15.45277778
6/9/2020,6.33,2.01,0.15,50.27,10.48,0.22,8.81,3.8,35.46,37.61,40.04,12.47,17.30416667
6/10/2020,7.6,6.27,0.26,49.92,16.95,0.21,7.41,7.6,35.29,20.3,39.09,14.99,17.1575
6/11/2020,2.24,2.34,0.23,50.23,11.08,0.21,7.28,3.3,24.92,19.05,38.67,11.98,14.29416667
6/12/2020,3.33,0.9,0.1,49.56,6.44,0.15,6.97,1.34,30.15,13.64,37.97,7.97,13.21
6/13/2020,2.7,1.35,0.12,50.77,8.59,0.18,7.06,1.89,20.88,11.78,38.2,9.8,12.77666667
6/14/2020,3.11,1.36,0.18,51.09,7.99,0.21,7.03,2.05,20.74,12.9,38.15,11.55,13.03
6/15/2020,3.94,1.22,0.16,51.41,7.81,0.21,7,1.52,25.34,14.42,38.1,10.33,13.455
6/16/2020,3.47,1.39,0.22,50.28,8.49,0.22,7.68,2.34,24.28,14.22,37.46,11.05,13.425
6/17/2020,4.1,2.24,0.14,50.1,9.83,0.27,6.37,2.67,25.74,13.55,37.36,15.24,13.9675
6/18/2020,4.12,3.96,0.17,50.01,13.57,0.22,6.11,5.08,26.36,16.86,37.82,15.93,15.0175
6/19/2020,3.63,2.46,0.24,51.1,10.67,0.15,7.17,3.05,45.77,21.61,37.84,13.96,16.47083333
6/20/2020,1.92,3.76,0.15,52.1,14.94,0.2,8.19,4.43,50.04,23.45,38.48,17.37,17.91916667
6/21/2020,2.33,3.52,0.06,51.49,14.52,0.67,6.97,4.65,41.29,18.5,38.16,16.06,16.51833333
6/22/2020,2.74,2.51,0,51.18,11.2,0.84,6.3,3.16,48.04,22.53,38.17,13.3,16.66416667
6/23/2020,3.66,1.53,0,49.89,9.45,0.84,5.91,2.31,16.55,16.08,37.38,12.56,13.01333333
6/24/2020,6.62,1.06,0,51.23,8.52,0.84,6.19,1.99,7.35,16.13,37.83,10.64,12.36666667
6/25/2020,4.03,3.01,0,50.57,13.55,0.84,5.96,4.82,8.18,17.82,38.27,12.84,13.32416667
6/26/2020,4.45,3.27,0,50.18,12.49,0.84,5.99,6.21,6.9,23.62,38,11.26,13.60083333
6/27/2020,5.34,7.66,0,49.99,28.17,0.84,6.16,12.01,7.37,31.88,38.37,23.23,17.585
6/28/2020,3.91,4.15,0,50.35,20.07,0.84,6.19,7.76,8.84,31.88,38.18,15.82,15.66583333
6/29/2020,4.12,7.37,0,50.43,34.32,0.84,6.09,14.38,15.83,17.99,38.61,29.61,18.29916667
6/30/2020,6.85,6.93,0,50.44,20.01,0.84,6,10.02,13.29,8.18,37.91,19.97,15.03666667
7/1/2020,2.57,1.78,0,49.93,9.05,0.84,5.05,2.65,20.26,13.89,36.96,10.81,12.81583333
7/2/2020,7.53,6.63,0,42.63,13.21,0.4,0.31,7.5,24.04,17.03,30.24,14.19,13.6425
7/3/2020,8.2,9.82,0.08,38.62,27.33,0.1,12.81,14.05,20.87,14.63,27.05,24.04,16.46666667
7/4/2020,8.98,13.29,0.16,37.18,46.86,0.23,16.1,22.49,22.28,15.13,27.65,40.95,20.94166667
7/5/2020,3.68,7.91,0.1,38.76,36.56,0.23,12.21,14.95,34.91,19.59,29.08,29.62,18.96666667
7/6/2020,12.65,12.4,0.16,44.13,22.25,0.18,13.66,12.9,55.13,29.21,34.29,22.23,21.59916667
7/7/2020,12.01,5.22,0.2,50.86,22.74,0.17,11.26,8.92,40.04,25.74,40.8,23.29,20.10416667
7/8/2020,8.53,4.36,0.13,43.43,19.47,0.24,9.04,7.37,44.13,26.51,33.67,19.04,17.99333333
7/9/2020,19.12,18.65,0.19,38.5,28.07,0.2,11.33,16.63,38.4,21.58,28.88,26.37,20.66
7/10/2020,9.67,7,0.22,37.85,15.71,0.2,13.25,7.4,39.91,18.19,28.26,18.76,16.36833333
7/11/2020,18.22,23.67,0.17,36.38,32.46,0.16,12.09,36.72,37.44,20.41,26.83,29.89,22.87
7/12/2020,7.74,12.34,0.17,36.12,26.73,0.25,16.67,15.14,20.68,16.49,26.53,21.76,16.71833333
7/13/2020,5.33,8.51,0.18,35.12,32.42,0.21,17.31,14.19,26.54,14.74,25.73,15.23,16.2925
7/14/2020,5.36,8.45,0.18,37.8,27.01,0.16,15.86,13.55,21.46,25.92,28.27,15.95,16.66416667
7/15/2020,6.02,14.39,0.25,43.72,40.35,0.3,20.69,24.01,14.04,12.6,33.9,19.71,19.165
7/16/2020,3.66,6.78,0.13,39.42,23.81,0.17,14.15,10.15,18.83,16.27,29.75,20.95,15.33916667
7/17/2020,8.78,6.49,0.22,37.85,14.1,0.21,18.06,6.92,23.41,18.66,28.24,14.66,14.8
7/18/2020,5.21,3.68,0.13,43.61,11.24,0.19,15.16,3.13,30.66,18.93,33.78,11.26,14.74833333
7/19/2020,46.3,45.92,0.12,39.19,53.18,0.14,18.44,46.6,65.85,59.85,33.12,53.05,38.48
7/20/2020,30.86666667,30.61333333,0.13,59.13,35.45333333,0.153333333,18.25,31.06666667,60.125,54.07,51.04,35.36666667,33.85541667
7/21/2020,15.43333333,15.30666667,0.14,79.07,17.72666667,0.166666667,18.06,15.53333333,54.4,48.29,68.96,17.68333333,29.23083333
7/22/2020,0,0,0.15,99.01,0,0.18,17.87,0,48.675,42.51,86.88,0,24.60625
7/23/2020,0,0,0.21,47.56,0,0.25,17.46,0,42.95,16.34,37.68,0,13.5375
7/24/2020,0,0,0.17,39.96,0,0.19,16.56,0,35.64,20.55,30.25,0,11.94333333
7/25/2020,0,0,0.12,38.62,0,0.26,14.57,0,39.46,20.24,29.03,0,11.85833333
7/26/2020,0,0,0.21,35.68,0,0.25,16.97,0,17.95,12.7,26.11,0,9.155833333
7/27/2020,0,0,0.19,40.6,0,0.23,11.58,0,17.99,11.41,31.03,0,9.419166667
7/28/2020,2.54,6.02,0.19,37.25,11.37,0.24,11.29,4.24,23.65,15.58,27.66,8.4,12.36916667
7/29/2020,6.2,13.24,0.15,42.45,29.56,0.22,12.85,13.08,40.47,21.71,32.62,31.58,20.34416667
7/30/2020,7.64,11.73,0.13,40.69,31.82,0.18,15.63,13.16,16.91,12.09,31.22,24.88,17.17333333
7/31/2020,8.16,11.12,0.16,36.45,20.49,0.21,12.73,9.41,23.64,14.74,26.85,17.1,15.08833333
8/1/2020,6.93,5.33,0.14,34.55,12.58,0.24,13.46,3.93,25.86,15.75,25.08,12.01,12.98833333
8/2/2020,5.26,3.9,0.24,33.49,9.29,0.22,15.53,2.47,22.52,16.25,24.04,9.28,11.87416667
8/3/2020,11.05,4.8,0.16,34.07,17.28,0.21,13.16,6.32,14.95,13.15,25.26,18.73,13.26166667
8/4/2020,11.66,12.07,0.24,47.83,48.05,0.25,14.98,21.23,26.63,22.81,40.06,41.53,23.945
8/5/2020,12.39,15.07,0.21,58.38,58.73,0.23,15.28,27.22,23.5,15.43,50.09,47.69,27.01833333
8/6/2020,10.23,10.5,0.14,55.66,40.91,0.21,17.43,18.52,28.82,19.37,47.41,38.95,24.0125
8/7/2020,7.76,8.01,0.16,53.66,30.97,0.19,31.54,13.25,35.46,22.13,45.61,26.09,22.9025
8/8/2020,5.75,6.32,0.17,49.11,22.32,0.19,35.6,8.19,44.71,24.5,41.24,20.94,21.58666667
8/9/2020,9.77,15.22,0.2,64.94,56.8,0.19,17.22,27.26,48,22.86,56.22,44.29,30.2475
8/10/2020,10.76,17.75,0.18,64.71,48.91,0.18,16.47,25.84,42.6,21.41,56.01,37.52,28.52833333
8/11/2020,1.64,2.94,0.19,49.49,12.74,0.23,24.22,5.21,42.33,22.02,53.17,8.97,18.59583333
8/12/2020,1.46,2.89,0.2,31.17,11.95,0.25,12.53,4.86,34.8,20.52,44.94,8.87,14.53666667
8/13/2020,2.82,3.48,0.17,15.08,13.61,0.19,11.04,5.73,37.16,20.17,14.61,12.57,11.38583333
8/14/2020,5.629090909,6.261818182,0.17,13.88,15.37,0.27,15.1,8.206363636,38.39,23.83,12.47,14.53181818,12.84242424
8/15/2020,8.438181818,9.043636364,0.26,13.68,17.13,0.28,13.88,10.68272727,41.81,28.46,12.13,16.49363636,14.35734848
8/16/2020,11.24727273,11.82545455,0.21,13.22,18.89,0.2,9.11,13.15909091,46.83,27.4,12.38,18.45545455,15.24393939
8/17/2020,14.05636364,14.60727273,0.2,13.35,20.65,0.19,9.25,15.63545455,37.72,21.74,11.43,20.41727273,14.93719697
8/18/2020,16.86545455,17.38909091,0.22,90.61,22.41,0.32,10,18.11181818,32,19.28,89.89,22.37909091,28.28962121
8/19/2020,19.67454545,20.17090909,0.16,90.7,24.17,0.17,10.43,20.58818182,31.04,20.93,91.72,24.34090909,29.50787879
8/20/2020,22.48363636,22.95272727,0.26,12.95,25.93,0.18,10.12,23.06454545,31.44,19.39,11.82,26.30272727,17.24113636
8/21/2020,25.29272727,25.73454545,0.21,13.55,27.69,0.23,10.71,25.54090909,27.1,20.89,11.52,28.26454545,18.0610606
8/22/2020,28.10181818,28.51636364,0.26,13.32,29.45,0.25,11.05,28.01727273,33.15,20.04,11.49,30.22636364,19.48931818
8/23/2020,30.91090909,31.29818182,0.25,13.44,31.21,0.23,11.68,30.49363636,33.53,20.23,10.86,32.18818182,20.52674242
8/24/2020,33.72,34.08,0.19,13.55,32.97,0.23,9.81,32.97,40.77,25.86,10.65,34.15,22.4125
8/25/2020,0.29,0.36,0.12,13.32,0.39,0.22,9.57,0.1,35.86,7.16,10.45,0.46,6.525
8/26/2020,0.33,0.64,0.15,13.21,0.58,0.18,7.49,0.32,34.66,7.39,10.65,0.41,6.334166667
8/27/2020,0.26,1.52,0.15,13.27,0.83,0.16,7.35,0.21,30.74,7.3,10.96,1.61,6.196666667
8/28/2020,4,4.45,0.19,13.47,4.74,0.22,7.91,6,25.04,6.16,10.75,6.79,7.476666667
8/29/2020,0.3,0,0.07,13.3,0.17,0.25,5.96,4.06,20.35,8.6,10.45,3.84,5.6125
8/30/2020,0.12,0,0.19,13.5,0.13,0.21,6.71,3.13,25.64,14.2,10.69,3.62,6.511666667
8/31/2020,0.07,0,0.2,13.64,0.05,0.23,8.43,2.28,30.69,21.26,10.69,2.85,7.5325
9/1/2020,0.24,0.1,0.17,109.4,0,0.18,4.85,2.53,25.15,14.9,107.38,2.54,22.28666667
9/2/2020,0.18,0,0.14,199.21,0.07,0.21,5,2.46,38.8,7.52,200,2.06,37.97083333
9/3/2020,0.12,0.19,0.21,199.22,0.48,0.19,4.56,2.1,47.39,6.71,200,1.51,38.55666667
9/4/2020,0.08,0.07,0.18,147.2,0.53,0.17,5.95,2.86,55.95,6.14,147.21,1.57,30.65916667
9/5/2020,0.09,0.05,0.14,12.76,0.18,0.22,6.86,2.33,53.22,5.44,9.57,2.27,7.760833333
9/6/2020,0.02,0,0.13,13.05,0.01,0.24,6.7,2.05,78.25,4.54,9.09,0.97,9.5875
9/7/2020,0.31,0,0.13,13.08,0.26,0.17,4.91,2.84,30.29,4.88,12.98,2.93,6.065
9/8/2020,0.26,0.46,0.15,13.33,0.11,0.2,5.62,2,38.47,19.08,16.41,1.9,8.165833333
9/9/2020,0.1,0.1,0.13,13.41,0.03,0.2,4.85,1.84,47.86,25.47,16.66,1.11,9.313333333
9/10/2020,0.78,2.15,0.16,13.42,2.12,0.24,5.62,4.17,36.56,19.7,17.08,2.76,8.73
9/11/2020,1.17,3.1,0.22,13.54,10.09,0.26,5.99,4.15,44.83,26.79,16.73,6.21,11.09
9/12/2020,0.58,1.6,0.22,13.36,3.86,0.27,6.82,1.08,23.99,14.92,14.51,3.18,7.0325
9/13/2020,5.06,5.31,0.14,13.86,11.21,0.23,8.08,6.21,28.38,17.62,14.68,9.72,10.04166667
9/14/2020,1.78,1.54,0.22,13.75,5.5,0.21,7.26,1.81,37.9,17.98,13.88,4.43,8.855
9/15/2020,6.11,6.27,0.22,13.8,12.09,0.26,5.82,7.17,26.43,11.49,14.44,9.96,9.505
9/16/2020,1.25,3.13,0.22,14.31,11.5,0.34,6.18,4.62,32.32,15.3,14.73,8.15,9.3375
9/17/2020,1.16,2.43,0.32,14.14,10.75,0.24,5.21,4.14,27.27,17.08,13.83,8.82,8.7825
9/18/2020,8.81,9.38,0.12,14.19,13.97,0.23,6.07,9.69,29.95,17.78,13.16,13.02,11.36416667
9/19/2020,0.74,1.44,0.25,14.58,3.84,0.26,7.27,1.28,33.68,21.88,12.66,3.93,8.484166667
9/20/2020,1.2,2.68,0.25,14.24,10.48,0.21,5.57,4.26,31.34,19.98,13.07,8.16,9.286666667
9/21/2020,1.55,2.52,0.17,14.16,5.74,0.3,7.54,1.92,36.05,22.69,12.64,4.73,9.1675
9/22/2020,1.77,2.62,0.21,75.18,8.61,0.26,15.89,3.47,35.49,25.76,34.37,7,17.5525
9/23/2020,4.01,3.22,0.24,157.07,13.79,0.31,7.51,5.44,13.95,11.6,1.29,12.11,19.21166667
9/24/2020,2,1.74,0.18,118.45,5.07,0.24,7.66,1.51,19.59,18.93,4.2,4.95,15.37666667
9/25/2020,1.9,3.6,0.15,79.27,14.74,0.21,6.26,6.25,31.83,17.64,70.2,9.91,20.16333333
9/26/2020,2.77,4.78,0.11,133.56,21.3,0.27,4.76,9.19,45.14,16.46,130.07,13.7,31.8425
9/27/2020,1.06,2.21,0.2,199.23,8.54,0.24,5.12,3.07,41.57,17.91,200,4.89,40.33666667
9/28/2020,30.95,32.67,0.24,199.21,46.12,0.24,5.27,35.82,46.37,20.1,200,39.49,54.70666667
9/29/2020,1.31,2.92,0.15,131.41,11.14,0.21,6.34,4.41,59.25,24.7,142.29,7.33,32.62166667
9/30/2020,1.06,3.4,0.26,34.27,12.31,0.22,5.96,4.89,61.8,24.93,47.78,8.26,17.095
10/1/2020,1.49,3.3,0.18,17.56,12.87,0.21,5.65,5.19,56.58,22.07,22.38,8.92,13.03333333
10/2/2020,0.92,2.64,0.22,11.12,10.51,0.28,5.86,4.12,55.68,29.29,10.57,7.11,11.52666667
10/3/2020,1.4,3.16,0.19,1.03,10.99,0.24,6.33,4.4,70.74,38.27,190.39,7.73,27.90583333
10/4/2020,0.94,1.69,0.22,0.19,5.4,0.21,6.57,1.82,36.79,37.55,198.44,4.11,24.49416667
10/5/2020,1.1,3.16,0.18,194.15,9.31,0.22,6.15,3.66,44.76,36.83,199.96,6.6,42.17333333
10/6/2020,1.18,6.09,0.18,199.2,12.35,0.26,6.65,4.97,67.15,31.02,200,8.89,44.82833333
10/7/2020,1.04,4.52,0.19,129.43,10.3,0.26,7.88,4.05,82.87,40.5,136.65,7.58,35.43916667
10/8/2020,0.99,3.52,0.16,10.11,8.32,0.2,7.38,3.21,93.6,54.26,20.96,6.91,17.46833333
10/9/2020,7.63,10.32,0.22,10.05,14.26,0.24,8.5,9.6,97.33,64.93,20.26,12.94,21.35666667
10/10/2020,6.5,7.01,0.11,10.66,10.73,0.23,9.68,6.48,97.12,62.53,19.97,9.62,20.05333333
10/11/2020,1.12,1.66,0.19,10.79,3.23,0.17,7.08,0.94,54.63,40.37,18.39,2.47,11.75333333
10/12/2020,1.8,2.7,0.16,9.42,4.31,0.22,7.05,1.24,67.78,44.52,17.72,3.84,13.39666667
10/13/2020,1.49,3.15,0.18,9.3,4.69,0.26,7.04,1.67,79.23,49.64,17.99,3.6,14.85333333
10/14/2020,4.22,6.89,0.22,9.76,8.78,0.23,8.84,5.06,76.04,49.29,18.39,7.64,16.28
10/15/2020,3.87,5.03,0.15,9.45,15.43,0.25,6.79,6.41,33.42,24.09,20.77,13.36,11.585
10/16/2020,1.18,2.82,0.11,9.12,4.35,0.28,6.74,1.38,38.26,18.28,17.58,3.51,8.634166667
10/17/2020,1.17,2.21,0,9.13,3.88,0.29,5.65,0.91,61.13,25.69,16.2,3.14,10.78333333
10/18/2020,1.8,2.27,0,8.95,7.55,0.22,5.24,2.61,64.87,27.64,16.8,6.53,12.04
10/19/2020,3.16,4.39,0,9.08,17.07,0.2,5.35,7.18,67.44,28.77,18.9,13.09,14.5525
10/20/2020,2.28,4.97,0,9.46,19.3,0.23,6.17,8.39,71.99,36.48,19.4,14.57,16.10333333
10/21/2020,1.39,4.42,0,9.38,16.23,0.22,6.45,6.76,62.93,39.1,19.09,11.46,14.78583333
10/22/2020,2.16,5.24,0,9.75,16.85,0.2,6.55,7.32,56.43,42.15,20.44,11.69,14.89833333
10/23/2020,2.08,4.91,0,9.38,14.96,0.24,7.26,6.34,57.8,34,20.42,11.52,14.07583333
10/24/2020,1.95,3.38,0,9.11,9.79,0.2,7.42,3.81,75.74,44.89,18.62,7.56,15.20583333
10/25/2020,3.88,5.74,0,9.08,20,0.24,5.99,8.18,58.84,39.58,19.66,16.3,15.62416667
10/26/2020,1.83,2.81,0,9.23,10.03,0.28,7.67,3.93,79.02,45.38,17.74,7.95,15.48916667
10/27/2020,3.77,5.56,0,9.05,18.87,0.22,7.62,7.74,77.19,38.45,19.09,15.92,16.95666667
10/28/2020,3.05,5.68,0,9.36,15.86,0.15,9.4,6.55,95.93,56.84,19.73,14.21,19.73
10/29/2020,12.71,15.83,0,23.37,26.23,0.05,28.6,16.79,109.44,67.98,33.32,24.12,29.87
10/30/2020,6.15,9.84,0,9.49,24.11,0,7.6,12.18,100.42,63.01,20.98,21.14,22.91
10/31/2020,4.79,8.37,0,9.24,17.38,0,6.68,9.31,82.28,44.63,19.2,14.76,18.05333333
11/1/2020,5.52,10.27,9.3,23.42,0,6.24,45.56,11.74,76.74,45.46,19.89,19.73,22.8225
11/2/2020,1.32,3.78,9.32,10.13,0,8.1,57.23,4.02,120.75,70.09,18.43,8.11,25.94
11/3/2020,2,3.67,9.3,9.51,0,9.35,59.81,3.91,136.57,83.38,18.47,8.98,28.74583333
11/4/2020,6.11,7.72,9.48,14.98,0,10.49,68.88,8.39,134.43,78.7,18.15,15.11,31.03666667
11/5/2020,1.78,4.21,9.27,13.46,0.1,8.8,57.53,5.93,122.34,71.84,19.75,10.45,27.12166667
11/6/2020,0.26,1.25,8.68,3.47,0.2,7.14,51.23,1.15,92.03,54.06,16.33,2.88,19.89
11/7/2020,0.78,1.95,8.98,5.73,0.23,8.42,57.52,2.19,105.98,62.43,16.1,4.8,22.92583333
11/8/2020,4.16,5.45,8.91,9.1,0.2,8.38,50.94,5.48,103.19,63.92,16.67,7.65,23.67083333
11/9/2020,0.44,2.68,9,4.23,0.23,9.12,61.39,1.5,110.62,64.37,16.08,3.83,23.62416667
11/10/2020,0.8,2.84,9.15,6.73,0.23,9.29,60.41,2.67,112.87,69.2,16.62,5.55,24.69666667
11/11/2020,0.48,1.8,8.99,3.66,0.25,8.96,59.62,1.38,123.4,71.13,15.61,3.64,24.91
11/12/2020,1.12,3.91,9.3,12.84,0.25,9.83,63.56,5.08,127.29,79.09,17.01,9.27,28.2125
11/13/2020,1.35,4.02,9.37,12.4,0.23,10.66,73.05,5.13,109.79,57.95,18.42,9.67,26.00333333
11/14/2020,4.58,6.46,9.26,15.1,0.26,7.15,44.28,8.31,75.38,45.66,19.68,11.39,20.62583333
11/15/2020,0.78,2.35,9.43,8.61,0.23,8.06,46.26,3.46,84.69,60.81,19.84,6.26,20.89833333
11/16/2020,0.87,1.6,9.43,7.59,0.18,7.89,46.66,2.97,86.89,59.47,19.02,5.55,20.67666667
11/17/2020,4.53,6.7,9.42,14.49,0.17,9.04,55.29,7.96,93.33,54.15,19.71,11.46,23.85416667
11/18/2020,1.31,4.26,9.78,11.75,0.19,10.54,63.38,4.89,114.48,66.04,20.95,8.46,26.33583333
11/19/2020,1.85,4.22,10.01,17.07,0.15,10.99,63.32,7.14,119.9,73.83,22.06,14.55,28.7575
11/20/2020,1.78,3.82,9.94,15.18,0.19,10.46,65.32,6.29,106.93,61.56,21.43,11.79,26.22416667
11/21/2020,3.76,5.37,9.94,20.61,0.17,12.05,67.66,8.37,117.83,64.3,22.33,14.77,28.93
11/22/2020,2.08,4.9,9.59,16.71,0.3,9.94,56.37,6.72,111.12,69.49,20.85,12.72,26.7325
11/23/2020,2.1,6.13,9.6,20.38,0.35,8.9,60.67,7.9,91.77,49.47,20.51,15.08,24.405
11/24/2020,1.88,4.89,9.57,16.03,0.35,10.23,68.56,6.23,106.7,61.43,19.71,13.33,26.57583333
11/25/2020,4.8,7,9.76,14.45,0.35,13.04,86.02,7.96,155.09,83.66,18.72,13.2,34.50416667
11/26/2020,0.89,2.54,9.7,8.02,0.35,11.06,71.81,3.21,149.19,88.41,17.49,6.63,30.775
11/27/2020,0.33,0.28,8.97,1.76,0.35,7.07,51.17,0.21,108.03,62.39,14.78,1.81,21.42916667
11/28/2020,0.51,0.43,9.09,1.75,0.35,7.7,54.13,0.36,106.93,66.2,13.26,2.08,21.89916667
11/29/2020,0.94,2.09,8.96,9.27,0.35,7.09,49.91,3.5,66.5,35.23,15.11,8.85,17.31666667
11/30/2020,4.71,6.59,9.4,16.01,0.35,9.23,59.76,8.52,93.41,49.12,17.18,13.48,23.98
12/1/2020,4.71,6.59,9.4,16.01,0.35,9.23,59.76,8.52,93.41,49.12,17.18,13.48,23.98
12/2/2020,4.71,6.59,9.4,16.01,0.35,9.23,59.76,8.52,93.41,49.12,17.18,13.48,23.98
12/3/2020,4.71,6.59,9.4,16.01,0.35,9.23,59.76,8.52,93.41,49.12,17.18,13.48,23.98
12/4/2020,4.71,6.59,9.4,16.01,0.35,9.23,59.76,8.52,93.41,49.12,17.18,13.48,23.98
12/5/2020,4.71,6.59,9.4,16.01,0.35,9.23,59.76,8.52,93.41,49.12,17.18,13.48,23.98
